image_path,label
C:\Users\Kiran\OneDrive\Desktop\project\datasets\normal\Normal(1).jpg,0
C:\Users\Kiran\OneDrive\Desktop\project\datasets\normal\Normal(10).jpg,0
C:\Users\Kiran\OneDrive\Desktop\project\datasets\normal\Normal(100).jpg,0
C:\Users\Kiran\OneDrive\Desktop\project\datasets\normal\Normal(101).jpg,0
C:\Users\Kiran\OneDrive\Desktop\project\datasets\normal\Normal(102).jpg,0
C:\Users\Kiran\OneDrive\Desktop\project\datasets\normal\Normal(103).jpg,0
C:\Users\Kiran\OneDrive\Desktop\project\datasets\normal\Normal(104).jpg,0
C:\Users\Kiran\OneDrive\Desktop\project\datasets\normal\Normal(105).jpg,0
C:\Users\Kiran\OneDrive\Desktop\project\datasets\normal\Normal(106).jpg,0
C:\Users\Kiran\OneDrive\Desktop\project\datasets\normal\Normal(107).jpg,0
C:\Users\Kiran\OneDrive\Desktop\project\datasets\normal\Normal(108).jpg,0
C:\Users\Kiran\OneDrive\Desktop\project\datasets\normal\Normal(109).jpg,0
C:\Users\Kiran\OneDrive\Desktop\project\datasets\normal\Normal(11).jpg,0
C:\Users\Kiran\OneDrive\Desktop\project\datasets\normal\Normal(110).jpg,0
C:\Users\Kiran\OneDrive\Desktop\project\datasets\normal\Normal(111).jpg,0
C:\Users\Kiran\OneDrive\Desktop\project\datasets\normal\Normal(112).jpg,0
C:\Users\Kiran\OneDrive\Desktop\project\datasets\normal\Normal(113).jpg,0
C:\Users\Kiran\OneDrive\Desktop\project\datasets\normal\Normal(114).jpg,0
C:\Users\Kiran\OneDrive\Desktop\project\datasets\normal\Normal(115).jpg,0
C:\Users\Kiran\OneDrive\Desktop\project\datasets\normal\Normal(116).jpg,0
C:\Users\Kiran\OneDrive\Desktop\project\datasets\normal\Normal(117).jpg,0
C:\Users\Kiran\OneDrive\Desktop\project\datasets\normal\Normal(118).jpg,0
C:\Users\Kiran\OneDrive\Desktop\project\datasets\normal\Normal(119).jpg,0
C:\Users\Kiran\OneDrive\Desktop\project\datasets\normal\Normal(12).jpg,0
C:\Users\Kiran\OneDrive\Desktop\project\datasets\normal\Normal(120).jpg,0
C:\Users\Kiran\OneDrive\Desktop\project\datasets\normal\Normal(121).jpg,0
C:\Users\Kiran\OneDrive\Desktop\project\datasets\normal\Normal(122).jpg,0
C:\Users\Kiran\OneDrive\Desktop\project\datasets\normal\Normal(123).jpg,0
C:\Users\Kiran\OneDrive\Desktop\project\datasets\normal\Normal(124).jpg,0
C:\Users\Kiran\OneDrive\Desktop\project\datasets\normal\Normal(125).jpg,0
C:\Users\Kiran\OneDrive\Desktop\project\datasets\normal\Normal(126).jpg,0
C:\Users\Kiran\OneDrive\Desktop\project\datasets\normal\Normal(127).jpg,0
C:\Users\Kiran\OneDrive\Desktop\project\datasets\normal\Normal(128).jpg,0
C:\Users\Kiran\OneDrive\Desktop\project\datasets\normal\Normal(129).jpg,0
C:\Users\Kiran\OneDrive\Desktop\project\datasets\normal\Normal(13).jpg,0
C:\Users\Kiran\OneDrive\Desktop\project\datasets\normal\Normal(130).jpg,0
C:\Users\Kiran\OneDrive\Desktop\project\datasets\normal\Normal(131).jpg,0
C:\Users\Kiran\OneDrive\Desktop\project\datasets\normal\Normal(132).jpg,0
C:\Users\Kiran\OneDrive\Desktop\project\datasets\normal\Normal(133).jpg,0
C:\Users\Kiran\OneDrive\Desktop\project\datasets\normal\Normal(134).jpg,0
C:\Users\Kiran\OneDrive\Desktop\project\datasets\normal\Normal(135).jpg,0
C:\Users\Kiran\OneDrive\Desktop\project\datasets\normal\Normal(136).jpg,0
C:\Users\Kiran\OneDrive\Desktop\project\datasets\normal\Normal(137).jpg,0
C:\Users\Kiran\OneDrive\Desktop\project\datasets\normal\Normal(138).jpg,0
C:\Users\Kiran\OneDrive\Desktop\project\datasets\normal\Normal(139).jpg,0
C:\Users\Kiran\OneDrive\Desktop\project\datasets\normal\Normal(14).jpg,0
C:\Users\Kiran\OneDrive\Desktop\project\datasets\normal\Normal(140).jpg,0
C:\Users\Kiran\OneDrive\Desktop\project\datasets\normal\Normal(141).jpg,0
C:\Users\Kiran\OneDrive\Desktop\project\datasets\normal\Normal(142).jpg,0
C:\Users\Kiran\OneDrive\Desktop\project\datasets\normal\Normal(143).jpg,0
C:\Users\Kiran\OneDrive\Desktop\project\datasets\normal\Normal(144).jpg,0
C:\Users\Kiran\OneDrive\Desktop\project\datasets\normal\Normal(145).jpg,0
C:\Users\Kiran\OneDrive\Desktop\project\datasets\normal\Normal(146).jpg,0
C:\Users\Kiran\OneDrive\Desktop\project\datasets\normal\Normal(147).jpg,0
C:\Users\Kiran\OneDrive\Desktop\project\datasets\normal\Normal(148).jpg,0
C:\Users\Kiran\OneDrive\Desktop\project\datasets\normal\Normal(149).jpg,0
C:\Users\Kiran\OneDrive\Desktop\project\datasets\normal\Normal(15).jpg,0
C:\Users\Kiran\OneDrive\Desktop\project\datasets\normal\Normal(150).jpg,0
C:\Users\Kiran\OneDrive\Desktop\project\datasets\normal\Normal(151).jpg,0
C:\Users\Kiran\OneDrive\Desktop\project\datasets\normal\Normal(152).jpg,0
C:\Users\Kiran\OneDrive\Desktop\project\datasets\normal\Normal(153).jpg,0
C:\Users\Kiran\OneDrive\Desktop\project\datasets\normal\Normal(154).jpg,0
C:\Users\Kiran\OneDrive\Desktop\project\datasets\normal\Normal(155).jpg,0
C:\Users\Kiran\OneDrive\Desktop\project\datasets\normal\Normal(156).jpg,0
C:\Users\Kiran\OneDrive\Desktop\project\datasets\normal\Normal(157).jpg,0
C:\Users\Kiran\OneDrive\Desktop\project\datasets\normal\Normal(158).jpg,0
C:\Users\Kiran\OneDrive\Desktop\project\datasets\normal\Normal(159).jpg,0
C:\Users\Kiran\OneDrive\Desktop\project\datasets\normal\Normal(16).jpg,0
C:\Users\Kiran\OneDrive\Desktop\project\datasets\normal\Normal(160).jpg,0
C:\Users\Kiran\OneDrive\Desktop\project\datasets\normal\Normal(161).jpg,0
C:\Users\Kiran\OneDrive\Desktop\project\datasets\normal\Normal(162).jpg,0
C:\Users\Kiran\OneDrive\Desktop\project\datasets\normal\Normal(163).jpg,0
C:\Users\Kiran\OneDrive\Desktop\project\datasets\normal\Normal(164).jpg,0
C:\Users\Kiran\OneDrive\Desktop\project\datasets\normal\Normal(165).jpg,0
C:\Users\Kiran\OneDrive\Desktop\project\datasets\normal\Normal(166).jpg,0
C:\Users\Kiran\OneDrive\Desktop\project\datasets\normal\Normal(167).jpg,0
C:\Users\Kiran\OneDrive\Desktop\project\datasets\normal\Normal(168).jpg,0
C:\Users\Kiran\OneDrive\Desktop\project\datasets\normal\Normal(169).jpg,0
C:\Users\Kiran\OneDrive\Desktop\project\datasets\normal\Normal(17).jpg,0
C:\Users\Kiran\OneDrive\Desktop\project\datasets\normal\Normal(170).jpg,0
C:\Users\Kiran\OneDrive\Desktop\project\datasets\normal\Normal(171).jpg,0
C:\Users\Kiran\OneDrive\Desktop\project\datasets\normal\Normal(172).jpg,0
C:\Users\Kiran\OneDrive\Desktop\project\datasets\normal\Normal(173).jpg,0
C:\Users\Kiran\OneDrive\Desktop\project\datasets\normal\Normal(174).jpg,0
C:\Users\Kiran\OneDrive\Desktop\project\datasets\normal\Normal(175).jpg,0
C:\Users\Kiran\OneDrive\Desktop\project\datasets\normal\Normal(176).jpg,0
C:\Users\Kiran\OneDrive\Desktop\project\datasets\normal\Normal(177).jpg,0
C:\Users\Kiran\OneDrive\Desktop\project\datasets\normal\Normal(178).jpg,0
C:\Users\Kiran\OneDrive\Desktop\project\datasets\normal\Normal(179).jpg,0
C:\Users\Kiran\OneDrive\Desktop\project\datasets\normal\Normal(18).jpg,0
C:\Users\Kiran\OneDrive\Desktop\project\datasets\normal\Normal(180).jpg,0
C:\Users\Kiran\OneDrive\Desktop\project\datasets\normal\Normal(181).jpg,0
C:\Users\Kiran\OneDrive\Desktop\project\datasets\normal\Normal(182).jpg,0
C:\Users\Kiran\OneDrive\Desktop\project\datasets\normal\Normal(183).jpg,0
C:\Users\Kiran\OneDrive\Desktop\project\datasets\normal\Normal(184).jpg,0
C:\Users\Kiran\OneDrive\Desktop\project\datasets\normal\Normal(185).jpg,0
C:\Users\Kiran\OneDrive\Desktop\project\datasets\normal\Normal(186).jpg,0
C:\Users\Kiran\OneDrive\Desktop\project\datasets\normal\Normal(187).jpg,0
C:\Users\Kiran\OneDrive\Desktop\project\datasets\normal\Normal(188).jpg,0
C:\Users\Kiran\OneDrive\Desktop\project\datasets\normal\Normal(189).jpg,0
C:\Users\Kiran\OneDrive\Desktop\project\datasets\normal\Normal(19).jpg,0
C:\Users\Kiran\OneDrive\Desktop\project\datasets\normal\Normal(190).jpg,0
C:\Users\Kiran\OneDrive\Desktop\project\datasets\normal\Normal(191).jpg,0
C:\Users\Kiran\OneDrive\Desktop\project\datasets\normal\Normal(192).jpg,0
C:\Users\Kiran\OneDrive\Desktop\project\datasets\normal\Normal(193).jpg,0
C:\Users\Kiran\OneDrive\Desktop\project\datasets\normal\Normal(194).jpg,0
C:\Users\Kiran\OneDrive\Desktop\project\datasets\normal\Normal(195).jpg,0
C:\Users\Kiran\OneDrive\Desktop\project\datasets\normal\Normal(196).jpg,0
C:\Users\Kiran\OneDrive\Desktop\project\datasets\normal\Normal(197).jpg,0
C:\Users\Kiran\OneDrive\Desktop\project\datasets\normal\Normal(198).jpg,0
C:\Users\Kiran\OneDrive\Desktop\project\datasets\normal\Normal(199).jpg,0
C:\Users\Kiran\OneDrive\Desktop\project\datasets\normal\Normal(2).jpg,0
C:\Users\Kiran\OneDrive\Desktop\project\datasets\normal\Normal(20).jpg,0
C:\Users\Kiran\OneDrive\Desktop\project\datasets\normal\Normal(200).jpg,0
C:\Users\Kiran\OneDrive\Desktop\project\datasets\normal\Normal(201).jpg,0
C:\Users\Kiran\OneDrive\Desktop\project\datasets\normal\Normal(202).jpg,0
C:\Users\Kiran\OneDrive\Desktop\project\datasets\normal\Normal(203).jpg,0
C:\Users\Kiran\OneDrive\Desktop\project\datasets\normal\Normal(204).jpg,0
C:\Users\Kiran\OneDrive\Desktop\project\datasets\normal\Normal(205).jpg,0
C:\Users\Kiran\OneDrive\Desktop\project\datasets\normal\Normal(206).jpg,0
C:\Users\Kiran\OneDrive\Desktop\project\datasets\normal\Normal(207).jpg,0
C:\Users\Kiran\OneDrive\Desktop\project\datasets\normal\Normal(208).jpg,0
C:\Users\Kiran\OneDrive\Desktop\project\datasets\normal\Normal(209).jpg,0
C:\Users\Kiran\OneDrive\Desktop\project\datasets\normal\Normal(21).jpg,0
C:\Users\Kiran\OneDrive\Desktop\project\datasets\normal\Normal(210).jpg,0
C:\Users\Kiran\OneDrive\Desktop\project\datasets\normal\Normal(211).jpg,0
C:\Users\Kiran\OneDrive\Desktop\project\datasets\normal\Normal(212).jpg,0
C:\Users\Kiran\OneDrive\Desktop\project\datasets\normal\Normal(213).jpg,0
C:\Users\Kiran\OneDrive\Desktop\project\datasets\normal\Normal(214).jpg,0
C:\Users\Kiran\OneDrive\Desktop\project\datasets\normal\Normal(215).jpg,0
C:\Users\Kiran\OneDrive\Desktop\project\datasets\normal\Normal(216).jpg,0
C:\Users\Kiran\OneDrive\Desktop\project\datasets\normal\Normal(217).jpg,0
C:\Users\Kiran\OneDrive\Desktop\project\datasets\normal\Normal(218).jpg,0
C:\Users\Kiran\OneDrive\Desktop\project\datasets\normal\Normal(219).jpg,0
C:\Users\Kiran\OneDrive\Desktop\project\datasets\normal\Normal(22).jpg,0
C:\Users\Kiran\OneDrive\Desktop\project\datasets\normal\Normal(220).jpg,0
C:\Users\Kiran\OneDrive\Desktop\project\datasets\normal\Normal(221).jpg,0
C:\Users\Kiran\OneDrive\Desktop\project\datasets\normal\Normal(222).jpg,0
C:\Users\Kiran\OneDrive\Desktop\project\datasets\normal\Normal(223).jpg,0
C:\Users\Kiran\OneDrive\Desktop\project\datasets\normal\Normal(224).jpg,0
C:\Users\Kiran\OneDrive\Desktop\project\datasets\normal\Normal(225).jpg,0
C:\Users\Kiran\OneDrive\Desktop\project\datasets\normal\Normal(226).jpg,0
C:\Users\Kiran\OneDrive\Desktop\project\datasets\normal\Normal(227).jpg,0
C:\Users\Kiran\OneDrive\Desktop\project\datasets\normal\Normal(228).jpg,0
C:\Users\Kiran\OneDrive\Desktop\project\datasets\normal\Normal(229).jpg,0
C:\Users\Kiran\OneDrive\Desktop\project\datasets\normal\Normal(23).jpg,0
C:\Users\Kiran\OneDrive\Desktop\project\datasets\normal\Normal(230).jpg,0
C:\Users\Kiran\OneDrive\Desktop\project\datasets\normal\Normal(231).jpg,0
C:\Users\Kiran\OneDrive\Desktop\project\datasets\normal\Normal(232).jpg,0
C:\Users\Kiran\OneDrive\Desktop\project\datasets\normal\Normal(233).jpg,0
C:\Users\Kiran\OneDrive\Desktop\project\datasets\normal\Normal(234).jpg,0
C:\Users\Kiran\OneDrive\Desktop\project\datasets\normal\Normal(235).jpg,0
C:\Users\Kiran\OneDrive\Desktop\project\datasets\normal\Normal(236).jpg,0
C:\Users\Kiran\OneDrive\Desktop\project\datasets\normal\Normal(237).jpg,0
C:\Users\Kiran\OneDrive\Desktop\project\datasets\normal\Normal(238).jpg,0
C:\Users\Kiran\OneDrive\Desktop\project\datasets\normal\Normal(239).jpg,0
C:\Users\Kiran\OneDrive\Desktop\project\datasets\normal\Normal(24).jpg,0
C:\Users\Kiran\OneDrive\Desktop\project\datasets\normal\Normal(240).jpg,0
C:\Users\Kiran\OneDrive\Desktop\project\datasets\normal\Normal(241).jpg,0
C:\Users\Kiran\OneDrive\Desktop\project\datasets\normal\Normal(242).jpg,0
C:\Users\Kiran\OneDrive\Desktop\project\datasets\normal\Normal(243).jpg,0
C:\Users\Kiran\OneDrive\Desktop\project\datasets\normal\Normal(244).jpg,0
C:\Users\Kiran\OneDrive\Desktop\project\datasets\normal\Normal(245).jpg,0
C:\Users\Kiran\OneDrive\Desktop\project\datasets\normal\Normal(246).jpg,0
C:\Users\Kiran\OneDrive\Desktop\project\datasets\normal\Normal(247).jpg,0
C:\Users\Kiran\OneDrive\Desktop\project\datasets\normal\Normal(248).jpg,0
C:\Users\Kiran\OneDrive\Desktop\project\datasets\normal\Normal(249).jpg,0
C:\Users\Kiran\OneDrive\Desktop\project\datasets\normal\Normal(25).jpg,0
C:\Users\Kiran\OneDrive\Desktop\project\datasets\normal\Normal(250).jpg,0
C:\Users\Kiran\OneDrive\Desktop\project\datasets\normal\Normal(251).jpg,0
C:\Users\Kiran\OneDrive\Desktop\project\datasets\normal\Normal(252).jpg,0
C:\Users\Kiran\OneDrive\Desktop\project\datasets\normal\Normal(253).jpg,0
C:\Users\Kiran\OneDrive\Desktop\project\datasets\normal\Normal(254).jpg,0
C:\Users\Kiran\OneDrive\Desktop\project\datasets\normal\Normal(255).jpg,0
C:\Users\Kiran\OneDrive\Desktop\project\datasets\normal\Normal(256).jpg,0
C:\Users\Kiran\OneDrive\Desktop\project\datasets\normal\Normal(257).jpg,0
C:\Users\Kiran\OneDrive\Desktop\project\datasets\normal\Normal(258).jpg,0
C:\Users\Kiran\OneDrive\Desktop\project\datasets\normal\Normal(259).jpg,0
C:\Users\Kiran\OneDrive\Desktop\project\datasets\normal\Normal(26).jpg,0
C:\Users\Kiran\OneDrive\Desktop\project\datasets\normal\Normal(260).jpg,0
C:\Users\Kiran\OneDrive\Desktop\project\datasets\normal\Normal(261).jpg,0
C:\Users\Kiran\OneDrive\Desktop\project\datasets\normal\Normal(262).jpg,0
C:\Users\Kiran\OneDrive\Desktop\project\datasets\normal\Normal(263).jpg,0
C:\Users\Kiran\OneDrive\Desktop\project\datasets\normal\Normal(264).jpg,0
C:\Users\Kiran\OneDrive\Desktop\project\datasets\normal\Normal(265).jpg,0
C:\Users\Kiran\OneDrive\Desktop\project\datasets\normal\Normal(266).jpg,0
C:\Users\Kiran\OneDrive\Desktop\project\datasets\normal\Normal(267).jpg,0
C:\Users\Kiran\OneDrive\Desktop\project\datasets\normal\Normal(268).jpg,0
C:\Users\Kiran\OneDrive\Desktop\project\datasets\normal\Normal(269).jpg,0
C:\Users\Kiran\OneDrive\Desktop\project\datasets\normal\Normal(27).jpg,0
C:\Users\Kiran\OneDrive\Desktop\project\datasets\normal\Normal(270).jpg,0
C:\Users\Kiran\OneDrive\Desktop\project\datasets\normal\Normal(271).jpg,0
C:\Users\Kiran\OneDrive\Desktop\project\datasets\normal\Normal(272).jpg,0
C:\Users\Kiran\OneDrive\Desktop\project\datasets\normal\Normal(273).jpg,0
C:\Users\Kiran\OneDrive\Desktop\project\datasets\normal\Normal(274).jpg,0
C:\Users\Kiran\OneDrive\Desktop\project\datasets\normal\Normal(275).jpg,0
C:\Users\Kiran\OneDrive\Desktop\project\datasets\normal\Normal(276).jpg,0
C:\Users\Kiran\OneDrive\Desktop\project\datasets\normal\Normal(277).jpg,0
C:\Users\Kiran\OneDrive\Desktop\project\datasets\normal\Normal(278).jpg,0
C:\Users\Kiran\OneDrive\Desktop\project\datasets\normal\Normal(279).jpg,0
C:\Users\Kiran\OneDrive\Desktop\project\datasets\normal\Normal(28).jpg,0
C:\Users\Kiran\OneDrive\Desktop\project\datasets\normal\Normal(280).jpg,0
C:\Users\Kiran\OneDrive\Desktop\project\datasets\normal\Normal(281).jpg,0
C:\Users\Kiran\OneDrive\Desktop\project\datasets\normal\Normal(282).jpg,0
C:\Users\Kiran\OneDrive\Desktop\project\datasets\normal\Normal(283).jpg,0
C:\Users\Kiran\OneDrive\Desktop\project\datasets\normal\Normal(284).jpg,0
C:\Users\Kiran\OneDrive\Desktop\project\datasets\normal\Normal(29).jpg,0
C:\Users\Kiran\OneDrive\Desktop\project\datasets\normal\Normal(3).jpg,0
C:\Users\Kiran\OneDrive\Desktop\project\datasets\normal\Normal(30).jpg,0
C:\Users\Kiran\OneDrive\Desktop\project\datasets\normal\Normal(31).jpg,0
C:\Users\Kiran\OneDrive\Desktop\project\datasets\normal\Normal(32).jpg,0
C:\Users\Kiran\OneDrive\Desktop\project\datasets\normal\Normal(33).jpg,0
C:\Users\Kiran\OneDrive\Desktop\project\datasets\normal\Normal(34).jpg,0
C:\Users\Kiran\OneDrive\Desktop\project\datasets\normal\Normal(35).jpg,0
C:\Users\Kiran\OneDrive\Desktop\project\datasets\normal\Normal(36).jpg,0
C:\Users\Kiran\OneDrive\Desktop\project\datasets\normal\Normal(37).jpg,0
C:\Users\Kiran\OneDrive\Desktop\project\datasets\normal\Normal(38).jpg,0
C:\Users\Kiran\OneDrive\Desktop\project\datasets\normal\Normal(39).jpg,0
C:\Users\Kiran\OneDrive\Desktop\project\datasets\normal\Normal(4).jpg,0
C:\Users\Kiran\OneDrive\Desktop\project\datasets\normal\Normal(40).jpg,0
C:\Users\Kiran\OneDrive\Desktop\project\datasets\normal\Normal(41).jpg,0
C:\Users\Kiran\OneDrive\Desktop\project\datasets\normal\Normal(42).jpg,0
C:\Users\Kiran\OneDrive\Desktop\project\datasets\normal\Normal(43).jpg,0
C:\Users\Kiran\OneDrive\Desktop\project\datasets\normal\Normal(44).jpg,0
C:\Users\Kiran\OneDrive\Desktop\project\datasets\normal\Normal(45).jpg,0
C:\Users\Kiran\OneDrive\Desktop\project\datasets\normal\Normal(46).jpg,0
C:\Users\Kiran\OneDrive\Desktop\project\datasets\normal\Normal(47).jpg,0
C:\Users\Kiran\OneDrive\Desktop\project\datasets\normal\Normal(48).jpg,0
C:\Users\Kiran\OneDrive\Desktop\project\datasets\normal\Normal(49).jpg,0
C:\Users\Kiran\OneDrive\Desktop\project\datasets\normal\Normal(5).jpg,0
C:\Users\Kiran\OneDrive\Desktop\project\datasets\normal\Normal(50).jpg,0
C:\Users\Kiran\OneDrive\Desktop\project\datasets\normal\Normal(51).jpg,0
C:\Users\Kiran\OneDrive\Desktop\project\datasets\normal\Normal(52).jpg,0
C:\Users\Kiran\OneDrive\Desktop\project\datasets\normal\Normal(53).jpg,0
C:\Users\Kiran\OneDrive\Desktop\project\datasets\normal\Normal(54).jpg,0
C:\Users\Kiran\OneDrive\Desktop\project\datasets\normal\Normal(55).jpg,0
C:\Users\Kiran\OneDrive\Desktop\project\datasets\normal\Normal(56).jpg,0
C:\Users\Kiran\OneDrive\Desktop\project\datasets\normal\Normal(57).jpg,0
C:\Users\Kiran\OneDrive\Desktop\project\datasets\normal\Normal(58).jpg,0
C:\Users\Kiran\OneDrive\Desktop\project\datasets\normal\Normal(59).jpg,0
C:\Users\Kiran\OneDrive\Desktop\project\datasets\normal\Normal(6).jpg,0
C:\Users\Kiran\OneDrive\Desktop\project\datasets\normal\Normal(60).jpg,0
C:\Users\Kiran\OneDrive\Desktop\project\datasets\normal\Normal(61).jpg,0
C:\Users\Kiran\OneDrive\Desktop\project\datasets\normal\Normal(62).jpg,0
C:\Users\Kiran\OneDrive\Desktop\project\datasets\normal\Normal(63).jpg,0
C:\Users\Kiran\OneDrive\Desktop\project\datasets\normal\Normal(64).jpg,0
C:\Users\Kiran\OneDrive\Desktop\project\datasets\normal\Normal(65).jpg,0
C:\Users\Kiran\OneDrive\Desktop\project\datasets\normal\Normal(66).jpg,0
C:\Users\Kiran\OneDrive\Desktop\project\datasets\normal\Normal(67).jpg,0
C:\Users\Kiran\OneDrive\Desktop\project\datasets\normal\Normal(68).jpg,0
C:\Users\Kiran\OneDrive\Desktop\project\datasets\normal\Normal(69).jpg,0
C:\Users\Kiran\OneDrive\Desktop\project\datasets\normal\Normal(7).jpg,0
C:\Users\Kiran\OneDrive\Desktop\project\datasets\normal\Normal(70).jpg,0
C:\Users\Kiran\OneDrive\Desktop\project\datasets\normal\Normal(71).jpg,0
C:\Users\Kiran\OneDrive\Desktop\project\datasets\normal\Normal(72).jpg,0
C:\Users\Kiran\OneDrive\Desktop\project\datasets\normal\Normal(73).jpg,0
C:\Users\Kiran\OneDrive\Desktop\project\datasets\normal\Normal(74).jpg,0
C:\Users\Kiran\OneDrive\Desktop\project\datasets\normal\Normal(75).jpg,0
C:\Users\Kiran\OneDrive\Desktop\project\datasets\normal\Normal(76).jpg,0
C:\Users\Kiran\OneDrive\Desktop\project\datasets\normal\Normal(77).jpg,0
C:\Users\Kiran\OneDrive\Desktop\project\datasets\normal\Normal(78).jpg,0
C:\Users\Kiran\OneDrive\Desktop\project\datasets\normal\Normal(79).jpg,0
C:\Users\Kiran\OneDrive\Desktop\project\datasets\normal\Normal(8).jpg,0
C:\Users\Kiran\OneDrive\Desktop\project\datasets\normal\Normal(80).jpg,0
C:\Users\Kiran\OneDrive\Desktop\project\datasets\normal\Normal(81).jpg,0
C:\Users\Kiran\OneDrive\Desktop\project\datasets\normal\Normal(82).jpg,0
C:\Users\Kiran\OneDrive\Desktop\project\datasets\normal\Normal(83).jpg,0
C:\Users\Kiran\OneDrive\Desktop\project\datasets\normal\Normal(84).jpg,0
C:\Users\Kiran\OneDrive\Desktop\project\datasets\normal\Normal(85).jpg,0
C:\Users\Kiran\OneDrive\Desktop\project\datasets\normal\Normal(86).jpg,0
C:\Users\Kiran\OneDrive\Desktop\project\datasets\normal\Normal(87).jpg,0
C:\Users\Kiran\OneDrive\Desktop\project\datasets\normal\Normal(88).jpg,0
C:\Users\Kiran\OneDrive\Desktop\project\datasets\normal\Normal(89).jpg,0
C:\Users\Kiran\OneDrive\Desktop\project\datasets\normal\Normal(9).jpg,0
C:\Users\Kiran\OneDrive\Desktop\project\datasets\normal\Normal(90).jpg,0
C:\Users\Kiran\OneDrive\Desktop\project\datasets\normal\Normal(91).jpg,0
C:\Users\Kiran\OneDrive\Desktop\project\datasets\normal\Normal(92).jpg,0
C:\Users\Kiran\OneDrive\Desktop\project\datasets\normal\Normal(93).jpg,0
C:\Users\Kiran\OneDrive\Desktop\project\datasets\normal\Normal(94).jpg,0
C:\Users\Kiran\OneDrive\Desktop\project\datasets\normal\Normal(95).jpg,0
C:\Users\Kiran\OneDrive\Desktop\project\datasets\normal\Normal(96).jpg,0
C:\Users\Kiran\OneDrive\Desktop\project\datasets\normal\Normal(97).jpg,0
C:\Users\Kiran\OneDrive\Desktop\project\datasets\normal\Normal(98).jpg,0
C:\Users\Kiran\OneDrive\Desktop\project\datasets\normal\Normal(99).jpg,0
C:\Users\Kiran\OneDrive\Desktop\project\datasets\mi\MI(1).jpg,1
C:\Users\Kiran\OneDrive\Desktop\project\datasets\mi\MI(10).jpg,1
C:\Users\Kiran\OneDrive\Desktop\project\datasets\mi\MI(100).jpg,1
C:\Users\Kiran\OneDrive\Desktop\project\datasets\mi\MI(101).jpg,1
C:\Users\Kiran\OneDrive\Desktop\project\datasets\mi\MI(102).jpg,1
C:\Users\Kiran\OneDrive\Desktop\project\datasets\mi\MI(103).jpg,1
C:\Users\Kiran\OneDrive\Desktop\project\datasets\mi\MI(104).jpg,1
C:\Users\Kiran\OneDrive\Desktop\project\datasets\mi\MI(105).jpg,1
C:\Users\Kiran\OneDrive\Desktop\project\datasets\mi\MI(106).jpg,1
C:\Users\Kiran\OneDrive\Desktop\project\datasets\mi\MI(107).jpg,1
C:\Users\Kiran\OneDrive\Desktop\project\datasets\mi\MI(108).jpg,1
C:\Users\Kiran\OneDrive\Desktop\project\datasets\mi\MI(109).jpg,1
C:\Users\Kiran\OneDrive\Desktop\project\datasets\mi\MI(11).jpg,1
C:\Users\Kiran\OneDrive\Desktop\project\datasets\mi\MI(110).jpg,1
C:\Users\Kiran\OneDrive\Desktop\project\datasets\mi\MI(111).jpg,1
C:\Users\Kiran\OneDrive\Desktop\project\datasets\mi\MI(112).jpg,1
C:\Users\Kiran\OneDrive\Desktop\project\datasets\mi\MI(113).jpg,1
C:\Users\Kiran\OneDrive\Desktop\project\datasets\mi\MI(114).jpg,1
C:\Users\Kiran\OneDrive\Desktop\project\datasets\mi\MI(115).jpg,1
C:\Users\Kiran\OneDrive\Desktop\project\datasets\mi\MI(116).jpg,1
C:\Users\Kiran\OneDrive\Desktop\project\datasets\mi\MI(117).jpg,1
C:\Users\Kiran\OneDrive\Desktop\project\datasets\mi\MI(118).jpg,1
C:\Users\Kiran\OneDrive\Desktop\project\datasets\mi\MI(119).jpg,1
C:\Users\Kiran\OneDrive\Desktop\project\datasets\mi\MI(12).jpg,1
C:\Users\Kiran\OneDrive\Desktop\project\datasets\mi\MI(120).jpg,1
C:\Users\Kiran\OneDrive\Desktop\project\datasets\mi\MI(121).jpg,1
C:\Users\Kiran\OneDrive\Desktop\project\datasets\mi\MI(122).jpg,1
C:\Users\Kiran\OneDrive\Desktop\project\datasets\mi\MI(123).jpg,1
C:\Users\Kiran\OneDrive\Desktop\project\datasets\mi\MI(124).jpg,1
C:\Users\Kiran\OneDrive\Desktop\project\datasets\mi\MI(125).jpg,1
C:\Users\Kiran\OneDrive\Desktop\project\datasets\mi\MI(126).jpg,1
C:\Users\Kiran\OneDrive\Desktop\project\datasets\mi\MI(127).jpg,1
C:\Users\Kiran\OneDrive\Desktop\project\datasets\mi\MI(128).jpg,1
C:\Users\Kiran\OneDrive\Desktop\project\datasets\mi\MI(129).jpg,1
C:\Users\Kiran\OneDrive\Desktop\project\datasets\mi\MI(13).jpg,1
C:\Users\Kiran\OneDrive\Desktop\project\datasets\mi\MI(130).jpg,1
C:\Users\Kiran\OneDrive\Desktop\project\datasets\mi\MI(131).jpg,1
C:\Users\Kiran\OneDrive\Desktop\project\datasets\mi\MI(132).jpg,1
C:\Users\Kiran\OneDrive\Desktop\project\datasets\mi\MI(133).jpg,1
C:\Users\Kiran\OneDrive\Desktop\project\datasets\mi\MI(134).jpg,1
C:\Users\Kiran\OneDrive\Desktop\project\datasets\mi\MI(135).jpg,1
C:\Users\Kiran\OneDrive\Desktop\project\datasets\mi\MI(136).jpg,1
C:\Users\Kiran\OneDrive\Desktop\project\datasets\mi\MI(137).jpg,1
C:\Users\Kiran\OneDrive\Desktop\project\datasets\mi\MI(138).jpg,1
C:\Users\Kiran\OneDrive\Desktop\project\datasets\mi\MI(139).jpg,1
C:\Users\Kiran\OneDrive\Desktop\project\datasets\mi\MI(14).jpg,1
C:\Users\Kiran\OneDrive\Desktop\project\datasets\mi\MI(140).jpg,1
C:\Users\Kiran\OneDrive\Desktop\project\datasets\mi\MI(141).jpg,1
C:\Users\Kiran\OneDrive\Desktop\project\datasets\mi\MI(142).jpg,1
C:\Users\Kiran\OneDrive\Desktop\project\datasets\mi\MI(143).jpg,1
C:\Users\Kiran\OneDrive\Desktop\project\datasets\mi\MI(144).jpg,1
C:\Users\Kiran\OneDrive\Desktop\project\datasets\mi\MI(145).jpg,1
C:\Users\Kiran\OneDrive\Desktop\project\datasets\mi\MI(146).jpg,1
C:\Users\Kiran\OneDrive\Desktop\project\datasets\mi\MI(147).jpg,1
C:\Users\Kiran\OneDrive\Desktop\project\datasets\mi\MI(148).jpg,1
C:\Users\Kiran\OneDrive\Desktop\project\datasets\mi\MI(149).jpg,1
C:\Users\Kiran\OneDrive\Desktop\project\datasets\mi\MI(15).jpg,1
C:\Users\Kiran\OneDrive\Desktop\project\datasets\mi\MI(150).jpg,1
C:\Users\Kiran\OneDrive\Desktop\project\datasets\mi\MI(151).jpg,1
C:\Users\Kiran\OneDrive\Desktop\project\datasets\mi\MI(152).jpg,1
C:\Users\Kiran\OneDrive\Desktop\project\datasets\mi\MI(153).jpg,1
C:\Users\Kiran\OneDrive\Desktop\project\datasets\mi\MI(154).jpg,1
C:\Users\Kiran\OneDrive\Desktop\project\datasets\mi\MI(155).jpg,1
C:\Users\Kiran\OneDrive\Desktop\project\datasets\mi\MI(156).jpg,1
C:\Users\Kiran\OneDrive\Desktop\project\datasets\mi\MI(157).jpg,1
C:\Users\Kiran\OneDrive\Desktop\project\datasets\mi\MI(158).jpg,1
C:\Users\Kiran\OneDrive\Desktop\project\datasets\mi\MI(159).jpg,1
C:\Users\Kiran\OneDrive\Desktop\project\datasets\mi\MI(16).jpg,1
C:\Users\Kiran\OneDrive\Desktop\project\datasets\mi\MI(160).jpg,1
C:\Users\Kiran\OneDrive\Desktop\project\datasets\mi\MI(161).jpg,1
C:\Users\Kiran\OneDrive\Desktop\project\datasets\mi\MI(162).jpg,1
C:\Users\Kiran\OneDrive\Desktop\project\datasets\mi\MI(163).jpg,1
C:\Users\Kiran\OneDrive\Desktop\project\datasets\mi\MI(164).jpg,1
C:\Users\Kiran\OneDrive\Desktop\project\datasets\mi\MI(165).jpg,1
C:\Users\Kiran\OneDrive\Desktop\project\datasets\mi\MI(166).jpg,1
C:\Users\Kiran\OneDrive\Desktop\project\datasets\mi\MI(167).jpg,1
C:\Users\Kiran\OneDrive\Desktop\project\datasets\mi\MI(168).jpg,1
C:\Users\Kiran\OneDrive\Desktop\project\datasets\mi\MI(169).jpg,1
C:\Users\Kiran\OneDrive\Desktop\project\datasets\mi\MI(17).jpg,1
C:\Users\Kiran\OneDrive\Desktop\project\datasets\mi\MI(170).jpg,1
C:\Users\Kiran\OneDrive\Desktop\project\datasets\mi\MI(171).jpg,1
C:\Users\Kiran\OneDrive\Desktop\project\datasets\mi\MI(172).jpg,1
C:\Users\Kiran\OneDrive\Desktop\project\datasets\mi\MI(173).jpg,1
C:\Users\Kiran\OneDrive\Desktop\project\datasets\mi\MI(174).jpg,1
C:\Users\Kiran\OneDrive\Desktop\project\datasets\mi\MI(175).jpg,1
C:\Users\Kiran\OneDrive\Desktop\project\datasets\mi\MI(176).jpg,1
C:\Users\Kiran\OneDrive\Desktop\project\datasets\mi\MI(177).jpg,1
C:\Users\Kiran\OneDrive\Desktop\project\datasets\mi\MI(178).jpg,1
C:\Users\Kiran\OneDrive\Desktop\project\datasets\mi\MI(179).jpg,1
C:\Users\Kiran\OneDrive\Desktop\project\datasets\mi\MI(18).jpg,1
C:\Users\Kiran\OneDrive\Desktop\project\datasets\mi\MI(180).jpg,1
C:\Users\Kiran\OneDrive\Desktop\project\datasets\mi\MI(181).jpg,1
C:\Users\Kiran\OneDrive\Desktop\project\datasets\mi\MI(182).jpg,1
C:\Users\Kiran\OneDrive\Desktop\project\datasets\mi\MI(183).jpg,1
C:\Users\Kiran\OneDrive\Desktop\project\datasets\mi\MI(184).jpg,1
C:\Users\Kiran\OneDrive\Desktop\project\datasets\mi\MI(185).jpg,1
C:\Users\Kiran\OneDrive\Desktop\project\datasets\mi\MI(186).jpg,1
C:\Users\Kiran\OneDrive\Desktop\project\datasets\mi\MI(187).jpg,1
C:\Users\Kiran\OneDrive\Desktop\project\datasets\mi\MI(188).jpg,1
C:\Users\Kiran\OneDrive\Desktop\project\datasets\mi\MI(189).jpg,1
C:\Users\Kiran\OneDrive\Desktop\project\datasets\mi\MI(19).jpg,1
C:\Users\Kiran\OneDrive\Desktop\project\datasets\mi\MI(190).jpg,1
C:\Users\Kiran\OneDrive\Desktop\project\datasets\mi\MI(191).jpg,1
C:\Users\Kiran\OneDrive\Desktop\project\datasets\mi\MI(192).jpg,1
C:\Users\Kiran\OneDrive\Desktop\project\datasets\mi\MI(193).jpg,1
C:\Users\Kiran\OneDrive\Desktop\project\datasets\mi\MI(194).jpg,1
C:\Users\Kiran\OneDrive\Desktop\project\datasets\mi\MI(195).jpg,1
C:\Users\Kiran\OneDrive\Desktop\project\datasets\mi\MI(196).jpg,1
C:\Users\Kiran\OneDrive\Desktop\project\datasets\mi\MI(197).jpg,1
C:\Users\Kiran\OneDrive\Desktop\project\datasets\mi\MI(198).jpg,1
C:\Users\Kiran\OneDrive\Desktop\project\datasets\mi\MI(199).jpg,1
C:\Users\Kiran\OneDrive\Desktop\project\datasets\mi\MI(2).jpg,1
C:\Users\Kiran\OneDrive\Desktop\project\datasets\mi\MI(20).jpg,1
C:\Users\Kiran\OneDrive\Desktop\project\datasets\mi\MI(200).jpg,1
C:\Users\Kiran\OneDrive\Desktop\project\datasets\mi\MI(201).jpg,1
C:\Users\Kiran\OneDrive\Desktop\project\datasets\mi\MI(202).jpg,1
C:\Users\Kiran\OneDrive\Desktop\project\datasets\mi\MI(203).jpg,1
C:\Users\Kiran\OneDrive\Desktop\project\datasets\mi\MI(204).jpg,1
C:\Users\Kiran\OneDrive\Desktop\project\datasets\mi\MI(205).jpg,1
C:\Users\Kiran\OneDrive\Desktop\project\datasets\mi\MI(206).jpg,1
C:\Users\Kiran\OneDrive\Desktop\project\datasets\mi\MI(207).jpg,1
C:\Users\Kiran\OneDrive\Desktop\project\datasets\mi\MI(208).jpg,1
C:\Users\Kiran\OneDrive\Desktop\project\datasets\mi\MI(209).jpg,1
C:\Users\Kiran\OneDrive\Desktop\project\datasets\mi\MI(21).jpg,1
C:\Users\Kiran\OneDrive\Desktop\project\datasets\mi\MI(210).jpg,1
C:\Users\Kiran\OneDrive\Desktop\project\datasets\mi\MI(211).jpg,1
C:\Users\Kiran\OneDrive\Desktop\project\datasets\mi\MI(212).jpg,1
C:\Users\Kiran\OneDrive\Desktop\project\datasets\mi\MI(213).jpg,1
C:\Users\Kiran\OneDrive\Desktop\project\datasets\mi\MI(214).jpg,1
C:\Users\Kiran\OneDrive\Desktop\project\datasets\mi\MI(216).jpg,1
C:\Users\Kiran\OneDrive\Desktop\project\datasets\mi\MI(217).jpg,1
C:\Users\Kiran\OneDrive\Desktop\project\datasets\mi\MI(218).jpg,1
C:\Users\Kiran\OneDrive\Desktop\project\datasets\mi\MI(219).jpg,1
C:\Users\Kiran\OneDrive\Desktop\project\datasets\mi\MI(22).jpg,1
C:\Users\Kiran\OneDrive\Desktop\project\datasets\mi\MI(220).jpg,1
C:\Users\Kiran\OneDrive\Desktop\project\datasets\mi\MI(221).jpg,1
C:\Users\Kiran\OneDrive\Desktop\project\datasets\mi\MI(222).jpg,1
C:\Users\Kiran\OneDrive\Desktop\project\datasets\mi\MI(223).jpg,1
C:\Users\Kiran\OneDrive\Desktop\project\datasets\mi\MI(224).jpg,1
C:\Users\Kiran\OneDrive\Desktop\project\datasets\mi\MI(225).jpg,1
C:\Users\Kiran\OneDrive\Desktop\project\datasets\mi\MI(226).jpg,1
C:\Users\Kiran\OneDrive\Desktop\project\datasets\mi\MI(227).jpg,1
C:\Users\Kiran\OneDrive\Desktop\project\datasets\mi\MI(228).jpg,1
C:\Users\Kiran\OneDrive\Desktop\project\datasets\mi\MI(229).jpg,1
C:\Users\Kiran\OneDrive\Desktop\project\datasets\mi\MI(23).jpg,1
C:\Users\Kiran\OneDrive\Desktop\project\datasets\mi\MI(230).jpg,1
C:\Users\Kiran\OneDrive\Desktop\project\datasets\mi\MI(231).jpg,1
C:\Users\Kiran\OneDrive\Desktop\project\datasets\mi\MI(232).jpg,1
C:\Users\Kiran\OneDrive\Desktop\project\datasets\mi\MI(233).jpg,1
C:\Users\Kiran\OneDrive\Desktop\project\datasets\mi\MI(234).jpg,1
C:\Users\Kiran\OneDrive\Desktop\project\datasets\mi\MI(235).jpg,1
C:\Users\Kiran\OneDrive\Desktop\project\datasets\mi\MI(236).jpg,1
C:\Users\Kiran\OneDrive\Desktop\project\datasets\mi\MI(237).jpg,1
C:\Users\Kiran\OneDrive\Desktop\project\datasets\mi\MI(238).jpg,1
C:\Users\Kiran\OneDrive\Desktop\project\datasets\mi\MI(239).jpg,1
C:\Users\Kiran\OneDrive\Desktop\project\datasets\mi\MI(24).jpg,1
C:\Users\Kiran\OneDrive\Desktop\project\datasets\mi\MI(240).jpg,1
C:\Users\Kiran\OneDrive\Desktop\project\datasets\mi\MI(25).jpg,1
C:\Users\Kiran\OneDrive\Desktop\project\datasets\mi\MI(26).jpg,1
C:\Users\Kiran\OneDrive\Desktop\project\datasets\mi\MI(27).jpg,1
C:\Users\Kiran\OneDrive\Desktop\project\datasets\mi\MI(28).jpg,1
C:\Users\Kiran\OneDrive\Desktop\project\datasets\mi\MI(29).jpg,1
C:\Users\Kiran\OneDrive\Desktop\project\datasets\mi\MI(3).jpg,1
C:\Users\Kiran\OneDrive\Desktop\project\datasets\mi\MI(30).jpg,1
C:\Users\Kiran\OneDrive\Desktop\project\datasets\mi\MI(31).jpg,1
C:\Users\Kiran\OneDrive\Desktop\project\datasets\mi\MI(32).jpg,1
C:\Users\Kiran\OneDrive\Desktop\project\datasets\mi\MI(33).jpg,1
C:\Users\Kiran\OneDrive\Desktop\project\datasets\mi\MI(34).jpg,1
C:\Users\Kiran\OneDrive\Desktop\project\datasets\mi\MI(35).jpg,1
C:\Users\Kiran\OneDrive\Desktop\project\datasets\mi\MI(36).jpg,1
C:\Users\Kiran\OneDrive\Desktop\project\datasets\mi\MI(37).jpg,1
C:\Users\Kiran\OneDrive\Desktop\project\datasets\mi\MI(38).jpg,1
C:\Users\Kiran\OneDrive\Desktop\project\datasets\mi\MI(39).jpg,1
C:\Users\Kiran\OneDrive\Desktop\project\datasets\mi\MI(4).jpg,1
C:\Users\Kiran\OneDrive\Desktop\project\datasets\mi\MI(40).jpg,1
C:\Users\Kiran\OneDrive\Desktop\project\datasets\mi\MI(41).jpg,1
C:\Users\Kiran\OneDrive\Desktop\project\datasets\mi\MI(42).jpg,1
C:\Users\Kiran\OneDrive\Desktop\project\datasets\mi\MI(43).jpg,1
C:\Users\Kiran\OneDrive\Desktop\project\datasets\mi\MI(44).jpg,1
C:\Users\Kiran\OneDrive\Desktop\project\datasets\mi\MI(45).jpg,1
C:\Users\Kiran\OneDrive\Desktop\project\datasets\mi\MI(46).jpg,1
C:\Users\Kiran\OneDrive\Desktop\project\datasets\mi\MI(47).jpg,1
C:\Users\Kiran\OneDrive\Desktop\project\datasets\mi\MI(48).jpg,1
C:\Users\Kiran\OneDrive\Desktop\project\datasets\mi\MI(49).jpg,1
C:\Users\Kiran\OneDrive\Desktop\project\datasets\mi\MI(5).jpg,1
C:\Users\Kiran\OneDrive\Desktop\project\datasets\mi\MI(50).jpg,1
C:\Users\Kiran\OneDrive\Desktop\project\datasets\mi\MI(51).jpg,1
C:\Users\Kiran\OneDrive\Desktop\project\datasets\mi\MI(52).jpg,1
C:\Users\Kiran\OneDrive\Desktop\project\datasets\mi\MI(53).jpg,1
C:\Users\Kiran\OneDrive\Desktop\project\datasets\mi\MI(54).jpg,1
C:\Users\Kiran\OneDrive\Desktop\project\datasets\mi\MI(55).jpg,1
C:\Users\Kiran\OneDrive\Desktop\project\datasets\mi\MI(56).jpg,1
C:\Users\Kiran\OneDrive\Desktop\project\datasets\mi\MI(57).jpg,1
C:\Users\Kiran\OneDrive\Desktop\project\datasets\mi\MI(58).jpg,1
C:\Users\Kiran\OneDrive\Desktop\project\datasets\mi\MI(59).jpg,1
C:\Users\Kiran\OneDrive\Desktop\project\datasets\mi\MI(6).jpg,1
C:\Users\Kiran\OneDrive\Desktop\project\datasets\mi\MI(60).jpg,1
C:\Users\Kiran\OneDrive\Desktop\project\datasets\mi\MI(61).jpg,1
C:\Users\Kiran\OneDrive\Desktop\project\datasets\mi\MI(62).jpg,1
C:\Users\Kiran\OneDrive\Desktop\project\datasets\mi\MI(63).jpg,1
C:\Users\Kiran\OneDrive\Desktop\project\datasets\mi\MI(64).jpg,1
C:\Users\Kiran\OneDrive\Desktop\project\datasets\mi\MI(65).jpg,1
C:\Users\Kiran\OneDrive\Desktop\project\datasets\mi\MI(66).jpg,1
C:\Users\Kiran\OneDrive\Desktop\project\datasets\mi\MI(67).jpg,1
C:\Users\Kiran\OneDrive\Desktop\project\datasets\mi\MI(68).jpg,1
C:\Users\Kiran\OneDrive\Desktop\project\datasets\mi\MI(69).jpg,1
C:\Users\Kiran\OneDrive\Desktop\project\datasets\mi\MI(7).jpg,1
C:\Users\Kiran\OneDrive\Desktop\project\datasets\mi\MI(70).jpg,1
C:\Users\Kiran\OneDrive\Desktop\project\datasets\mi\MI(71).jpg,1
C:\Users\Kiran\OneDrive\Desktop\project\datasets\mi\MI(72).jpg,1
C:\Users\Kiran\OneDrive\Desktop\project\datasets\mi\MI(73).jpg,1
C:\Users\Kiran\OneDrive\Desktop\project\datasets\mi\MI(74).jpg,1
C:\Users\Kiran\OneDrive\Desktop\project\datasets\mi\MI(75).jpg,1
C:\Users\Kiran\OneDrive\Desktop\project\datasets\mi\MI(76).jpg,1
C:\Users\Kiran\OneDrive\Desktop\project\datasets\mi\MI(77).jpg,1
C:\Users\Kiran\OneDrive\Desktop\project\datasets\mi\MI(78).jpg,1
C:\Users\Kiran\OneDrive\Desktop\project\datasets\mi\MI(79).jpg,1
C:\Users\Kiran\OneDrive\Desktop\project\datasets\mi\MI(8).jpg,1
C:\Users\Kiran\OneDrive\Desktop\project\datasets\mi\MI(80).jpg,1
C:\Users\Kiran\OneDrive\Desktop\project\datasets\mi\MI(81).jpg,1
C:\Users\Kiran\OneDrive\Desktop\project\datasets\mi\MI(82).jpg,1
C:\Users\Kiran\OneDrive\Desktop\project\datasets\mi\MI(83).jpg,1
C:\Users\Kiran\OneDrive\Desktop\project\datasets\mi\MI(84).jpg,1
C:\Users\Kiran\OneDrive\Desktop\project\datasets\mi\MI(85).jpg,1
C:\Users\Kiran\OneDrive\Desktop\project\datasets\mi\MI(86).jpg,1
C:\Users\Kiran\OneDrive\Desktop\project\datasets\mi\MI(87).jpg,1
C:\Users\Kiran\OneDrive\Desktop\project\datasets\mi\MI(88).jpg,1
C:\Users\Kiran\OneDrive\Desktop\project\datasets\mi\MI(89).jpg,1
C:\Users\Kiran\OneDrive\Desktop\project\datasets\mi\MI(9).jpg,1
C:\Users\Kiran\OneDrive\Desktop\project\datasets\mi\MI(90).jpg,1
C:\Users\Kiran\OneDrive\Desktop\project\datasets\mi\MI(91).jpg,1
C:\Users\Kiran\OneDrive\Desktop\project\datasets\mi\MI(92).jpg,1
C:\Users\Kiran\OneDrive\Desktop\project\datasets\mi\MI(93).jpg,1
C:\Users\Kiran\OneDrive\Desktop\project\datasets\mi\MI(94).jpg,1
C:\Users\Kiran\OneDrive\Desktop\project\datasets\mi\MI(95).jpg,1
C:\Users\Kiran\OneDrive\Desktop\project\datasets\mi\MI(96).jpg,1
C:\Users\Kiran\OneDrive\Desktop\project\datasets\mi\MI(97).jpg,1
C:\Users\Kiran\OneDrive\Desktop\project\datasets\mi\MI(98).jpg,1
C:\Users\Kiran\OneDrive\Desktop\project\datasets\mi\MI(99).jpg,1
C:\Users\Kiran\OneDrive\Desktop\project\datasets\hmi\PMI(1).jpg,2
C:\Users\Kiran\OneDrive\Desktop\project\datasets\hmi\PMI(10).jpg,2
C:\Users\Kiran\OneDrive\Desktop\project\datasets\hmi\PMI(100).jpg,2
C:\Users\Kiran\OneDrive\Desktop\project\datasets\hmi\PMI(101).jpg,2
C:\Users\Kiran\OneDrive\Desktop\project\datasets\hmi\PMI(102).jpg,2
C:\Users\Kiran\OneDrive\Desktop\project\datasets\hmi\PMI(103).jpg,2
C:\Users\Kiran\OneDrive\Desktop\project\datasets\hmi\PMI(104).jpg,2
C:\Users\Kiran\OneDrive\Desktop\project\datasets\hmi\PMI(105).jpg,2
C:\Users\Kiran\OneDrive\Desktop\project\datasets\hmi\PMI(106).jpg,2
C:\Users\Kiran\OneDrive\Desktop\project\datasets\hmi\PMI(107).jpg,2
C:\Users\Kiran\OneDrive\Desktop\project\datasets\hmi\PMI(108).jpg,2
C:\Users\Kiran\OneDrive\Desktop\project\datasets\hmi\PMI(109).jpg,2
C:\Users\Kiran\OneDrive\Desktop\project\datasets\hmi\PMI(11).jpg,2
C:\Users\Kiran\OneDrive\Desktop\project\datasets\hmi\PMI(110).jpg,2
C:\Users\Kiran\OneDrive\Desktop\project\datasets\hmi\PMI(111).jpg,2
C:\Users\Kiran\OneDrive\Desktop\project\datasets\hmi\PMI(112).jpg,2
C:\Users\Kiran\OneDrive\Desktop\project\datasets\hmi\PMI(113).jpg,2
C:\Users\Kiran\OneDrive\Desktop\project\datasets\hmi\PMI(114).jpg,2
C:\Users\Kiran\OneDrive\Desktop\project\datasets\hmi\PMI(115).jpg,2
C:\Users\Kiran\OneDrive\Desktop\project\datasets\hmi\PMI(116).jpg,2
C:\Users\Kiran\OneDrive\Desktop\project\datasets\hmi\PMI(117).jpg,2
C:\Users\Kiran\OneDrive\Desktop\project\datasets\hmi\PMI(118).jpg,2
C:\Users\Kiran\OneDrive\Desktop\project\datasets\hmi\PMI(119).jpg,2
C:\Users\Kiran\OneDrive\Desktop\project\datasets\hmi\PMI(12).jpg,2
C:\Users\Kiran\OneDrive\Desktop\project\datasets\hmi\PMI(120).jpg,2
C:\Users\Kiran\OneDrive\Desktop\project\datasets\hmi\PMI(121).jpg,2
C:\Users\Kiran\OneDrive\Desktop\project\datasets\hmi\PMI(122).jpg,2
C:\Users\Kiran\OneDrive\Desktop\project\datasets\hmi\PMI(123).jpg,2
C:\Users\Kiran\OneDrive\Desktop\project\datasets\hmi\PMI(124).jpg,2
C:\Users\Kiran\OneDrive\Desktop\project\datasets\hmi\PMI(125).jpg,2
C:\Users\Kiran\OneDrive\Desktop\project\datasets\hmi\PMI(126).jpg,2
C:\Users\Kiran\OneDrive\Desktop\project\datasets\hmi\PMI(127).jpg,2
C:\Users\Kiran\OneDrive\Desktop\project\datasets\hmi\PMI(128).jpg,2
C:\Users\Kiran\OneDrive\Desktop\project\datasets\hmi\PMI(129).jpg,2
C:\Users\Kiran\OneDrive\Desktop\project\datasets\hmi\PMI(13).jpg,2
C:\Users\Kiran\OneDrive\Desktop\project\datasets\hmi\PMI(130).jpg,2
C:\Users\Kiran\OneDrive\Desktop\project\datasets\hmi\PMI(131).jpg,2
C:\Users\Kiran\OneDrive\Desktop\project\datasets\hmi\PMI(132).jpg,2
C:\Users\Kiran\OneDrive\Desktop\project\datasets\hmi\PMI(133).jpg,2
C:\Users\Kiran\OneDrive\Desktop\project\datasets\hmi\PMI(134).jpg,2
C:\Users\Kiran\OneDrive\Desktop\project\datasets\hmi\PMI(135).jpg,2
C:\Users\Kiran\OneDrive\Desktop\project\datasets\hmi\PMI(136).jpg,2
C:\Users\Kiran\OneDrive\Desktop\project\datasets\hmi\PMI(137).jpg,2
C:\Users\Kiran\OneDrive\Desktop\project\datasets\hmi\PMI(138).jpg,2
C:\Users\Kiran\OneDrive\Desktop\project\datasets\hmi\PMI(139).jpg,2
C:\Users\Kiran\OneDrive\Desktop\project\datasets\hmi\PMI(14).jpg,2
C:\Users\Kiran\OneDrive\Desktop\project\datasets\hmi\PMI(140).jpg,2
C:\Users\Kiran\OneDrive\Desktop\project\datasets\hmi\PMI(141).jpg,2
C:\Users\Kiran\OneDrive\Desktop\project\datasets\hmi\PMI(142).jpg,2
C:\Users\Kiran\OneDrive\Desktop\project\datasets\hmi\PMI(143).jpg,2
C:\Users\Kiran\OneDrive\Desktop\project\datasets\hmi\PMI(144).jpg,2
C:\Users\Kiran\OneDrive\Desktop\project\datasets\hmi\PMI(145).jpg,2
C:\Users\Kiran\OneDrive\Desktop\project\datasets\hmi\PMI(146).jpg,2
C:\Users\Kiran\OneDrive\Desktop\project\datasets\hmi\PMI(147).jpg,2
C:\Users\Kiran\OneDrive\Desktop\project\datasets\hmi\PMI(148).jpg,2
C:\Users\Kiran\OneDrive\Desktop\project\datasets\hmi\PMI(149).jpg,2
C:\Users\Kiran\OneDrive\Desktop\project\datasets\hmi\PMI(15).jpg,2
C:\Users\Kiran\OneDrive\Desktop\project\datasets\hmi\PMI(150).jpg,2
C:\Users\Kiran\OneDrive\Desktop\project\datasets\hmi\PMI(151).jpg,2
C:\Users\Kiran\OneDrive\Desktop\project\datasets\hmi\PMI(152).jpg,2
C:\Users\Kiran\OneDrive\Desktop\project\datasets\hmi\PMI(153).jpg,2
C:\Users\Kiran\OneDrive\Desktop\project\datasets\hmi\PMI(154).jpg,2
C:\Users\Kiran\OneDrive\Desktop\project\datasets\hmi\PMI(155).jpg,2
C:\Users\Kiran\OneDrive\Desktop\project\datasets\hmi\PMI(156).jpg,2
C:\Users\Kiran\OneDrive\Desktop\project\datasets\hmi\PMI(157).jpg,2
C:\Users\Kiran\OneDrive\Desktop\project\datasets\hmi\PMI(158).jpg,2
C:\Users\Kiran\OneDrive\Desktop\project\datasets\hmi\PMI(159).jpg,2
C:\Users\Kiran\OneDrive\Desktop\project\datasets\hmi\PMI(16).jpg,2
C:\Users\Kiran\OneDrive\Desktop\project\datasets\hmi\PMI(160).jpg,2
C:\Users\Kiran\OneDrive\Desktop\project\datasets\hmi\PMI(161).jpg,2
C:\Users\Kiran\OneDrive\Desktop\project\datasets\hmi\PMI(162).jpg,2
C:\Users\Kiran\OneDrive\Desktop\project\datasets\hmi\PMI(163).jpg,2
C:\Users\Kiran\OneDrive\Desktop\project\datasets\hmi\PMI(164).jpg,2
C:\Users\Kiran\OneDrive\Desktop\project\datasets\hmi\PMI(165).jpg,2
C:\Users\Kiran\OneDrive\Desktop\project\datasets\hmi\PMI(166).jpg,2
C:\Users\Kiran\OneDrive\Desktop\project\datasets\hmi\PMI(167).jpg,2
C:\Users\Kiran\OneDrive\Desktop\project\datasets\hmi\PMI(168).jpg,2
C:\Users\Kiran\OneDrive\Desktop\project\datasets\hmi\PMI(169).jpg,2
C:\Users\Kiran\OneDrive\Desktop\project\datasets\hmi\PMI(17).jpg,2
C:\Users\Kiran\OneDrive\Desktop\project\datasets\hmi\PMI(170).jpg,2
C:\Users\Kiran\OneDrive\Desktop\project\datasets\hmi\PMI(171).jpg,2
C:\Users\Kiran\OneDrive\Desktop\project\datasets\hmi\PMI(172).jpg,2
C:\Users\Kiran\OneDrive\Desktop\project\datasets\hmi\PMI(18).jpg,2
C:\Users\Kiran\OneDrive\Desktop\project\datasets\hmi\PMI(19).jpg,2
C:\Users\Kiran\OneDrive\Desktop\project\datasets\hmi\PMI(2).jpg,2
C:\Users\Kiran\OneDrive\Desktop\project\datasets\hmi\PMI(20).jpg,2
C:\Users\Kiran\OneDrive\Desktop\project\datasets\hmi\PMI(21).jpg,2
C:\Users\Kiran\OneDrive\Desktop\project\datasets\hmi\PMI(22).jpg,2
C:\Users\Kiran\OneDrive\Desktop\project\datasets\hmi\PMI(23).jpg,2
C:\Users\Kiran\OneDrive\Desktop\project\datasets\hmi\PMI(24).jpg,2
C:\Users\Kiran\OneDrive\Desktop\project\datasets\hmi\PMI(25).jpg,2
C:\Users\Kiran\OneDrive\Desktop\project\datasets\hmi\PMI(26).jpg,2
C:\Users\Kiran\OneDrive\Desktop\project\datasets\hmi\PMI(27).jpg,2
C:\Users\Kiran\OneDrive\Desktop\project\datasets\hmi\PMI(28).jpg,2
C:\Users\Kiran\OneDrive\Desktop\project\datasets\hmi\PMI(29).jpg,2
C:\Users\Kiran\OneDrive\Desktop\project\datasets\hmi\PMI(3).jpg,2
C:\Users\Kiran\OneDrive\Desktop\project\datasets\hmi\PMI(30).jpg,2
C:\Users\Kiran\OneDrive\Desktop\project\datasets\hmi\PMI(31).jpg,2
C:\Users\Kiran\OneDrive\Desktop\project\datasets\hmi\PMI(32).jpg,2
C:\Users\Kiran\OneDrive\Desktop\project\datasets\hmi\PMI(33).jpg,2
C:\Users\Kiran\OneDrive\Desktop\project\datasets\hmi\PMI(34).jpg,2
C:\Users\Kiran\OneDrive\Desktop\project\datasets\hmi\PMI(35).jpg,2
C:\Users\Kiran\OneDrive\Desktop\project\datasets\hmi\PMI(36).jpg,2
C:\Users\Kiran\OneDrive\Desktop\project\datasets\hmi\PMI(37).jpg,2
C:\Users\Kiran\OneDrive\Desktop\project\datasets\hmi\PMI(38).jpg,2
C:\Users\Kiran\OneDrive\Desktop\project\datasets\hmi\PMI(39).jpg,2
C:\Users\Kiran\OneDrive\Desktop\project\datasets\hmi\PMI(4).jpg,2
C:\Users\Kiran\OneDrive\Desktop\project\datasets\hmi\PMI(40).jpg,2
C:\Users\Kiran\OneDrive\Desktop\project\datasets\hmi\PMI(41).jpg,2
C:\Users\Kiran\OneDrive\Desktop\project\datasets\hmi\PMI(42).jpg,2
C:\Users\Kiran\OneDrive\Desktop\project\datasets\hmi\PMI(43).jpg,2
C:\Users\Kiran\OneDrive\Desktop\project\datasets\hmi\PMI(44).jpg,2
C:\Users\Kiran\OneDrive\Desktop\project\datasets\hmi\PMI(45).jpg,2
C:\Users\Kiran\OneDrive\Desktop\project\datasets\hmi\PMI(46).jpg,2
C:\Users\Kiran\OneDrive\Desktop\project\datasets\hmi\PMI(47).jpg,2
C:\Users\Kiran\OneDrive\Desktop\project\datasets\hmi\PMI(48).jpg,2
C:\Users\Kiran\OneDrive\Desktop\project\datasets\hmi\PMI(49).jpg,2
C:\Users\Kiran\OneDrive\Desktop\project\datasets\hmi\PMI(5).jpg,2
C:\Users\Kiran\OneDrive\Desktop\project\datasets\hmi\PMI(50).jpg,2
C:\Users\Kiran\OneDrive\Desktop\project\datasets\hmi\PMI(51).jpg,2
C:\Users\Kiran\OneDrive\Desktop\project\datasets\hmi\PMI(52).jpg,2
C:\Users\Kiran\OneDrive\Desktop\project\datasets\hmi\PMI(53).jpg,2
C:\Users\Kiran\OneDrive\Desktop\project\datasets\hmi\PMI(54).jpg,2
C:\Users\Kiran\OneDrive\Desktop\project\datasets\hmi\PMI(55).jpg,2
C:\Users\Kiran\OneDrive\Desktop\project\datasets\hmi\PMI(56).jpg,2
C:\Users\Kiran\OneDrive\Desktop\project\datasets\hmi\PMI(57).jpg,2
C:\Users\Kiran\OneDrive\Desktop\project\datasets\hmi\PMI(58).jpg,2
C:\Users\Kiran\OneDrive\Desktop\project\datasets\hmi\PMI(59).jpg,2
C:\Users\Kiran\OneDrive\Desktop\project\datasets\hmi\PMI(6).jpg,2
C:\Users\Kiran\OneDrive\Desktop\project\datasets\hmi\PMI(60).jpg,2
C:\Users\Kiran\OneDrive\Desktop\project\datasets\hmi\PMI(61).jpg,2
C:\Users\Kiran\OneDrive\Desktop\project\datasets\hmi\PMI(62).jpg,2
C:\Users\Kiran\OneDrive\Desktop\project\datasets\hmi\PMI(63).jpg,2
C:\Users\Kiran\OneDrive\Desktop\project\datasets\hmi\PMI(64).jpg,2
C:\Users\Kiran\OneDrive\Desktop\project\datasets\hmi\PMI(65).jpg,2
C:\Users\Kiran\OneDrive\Desktop\project\datasets\hmi\PMI(66).jpg,2
C:\Users\Kiran\OneDrive\Desktop\project\datasets\hmi\PMI(67).jpg,2
C:\Users\Kiran\OneDrive\Desktop\project\datasets\hmi\PMI(68).jpg,2
C:\Users\Kiran\OneDrive\Desktop\project\datasets\hmi\PMI(69).jpg,2
C:\Users\Kiran\OneDrive\Desktop\project\datasets\hmi\PMI(7).jpg,2
C:\Users\Kiran\OneDrive\Desktop\project\datasets\hmi\PMI(70).jpg,2
C:\Users\Kiran\OneDrive\Desktop\project\datasets\hmi\PMI(71).jpg,2
C:\Users\Kiran\OneDrive\Desktop\project\datasets\hmi\PMI(72).jpg,2
C:\Users\Kiran\OneDrive\Desktop\project\datasets\hmi\PMI(73).jpg,2
C:\Users\Kiran\OneDrive\Desktop\project\datasets\hmi\PMI(74).jpg,2
C:\Users\Kiran\OneDrive\Desktop\project\datasets\hmi\PMI(75).jpg,2
C:\Users\Kiran\OneDrive\Desktop\project\datasets\hmi\PMI(76).jpg,2
C:\Users\Kiran\OneDrive\Desktop\project\datasets\hmi\PMI(77).jpg,2
C:\Users\Kiran\OneDrive\Desktop\project\datasets\hmi\PMI(78).jpg,2
C:\Users\Kiran\OneDrive\Desktop\project\datasets\hmi\PMI(79).jpg,2
C:\Users\Kiran\OneDrive\Desktop\project\datasets\hmi\PMI(8).jpg,2
C:\Users\Kiran\OneDrive\Desktop\project\datasets\hmi\PMI(80).jpg,2
C:\Users\Kiran\OneDrive\Desktop\project\datasets\hmi\PMI(81).jpg,2
C:\Users\Kiran\OneDrive\Desktop\project\datasets\hmi\PMI(82).jpg,2
C:\Users\Kiran\OneDrive\Desktop\project\datasets\hmi\PMI(83).jpg,2
C:\Users\Kiran\OneDrive\Desktop\project\datasets\hmi\PMI(84).jpg,2
C:\Users\Kiran\OneDrive\Desktop\project\datasets\hmi\PMI(85).jpg,2
C:\Users\Kiran\OneDrive\Desktop\project\datasets\hmi\PMI(86).jpg,2
C:\Users\Kiran\OneDrive\Desktop\project\datasets\hmi\PMI(87).jpg,2
C:\Users\Kiran\OneDrive\Desktop\project\datasets\hmi\PMI(88).jpg,2
C:\Users\Kiran\OneDrive\Desktop\project\datasets\hmi\PMI(89).jpg,2
C:\Users\Kiran\OneDrive\Desktop\project\datasets\hmi\PMI(9).jpg,2
C:\Users\Kiran\OneDrive\Desktop\project\datasets\hmi\PMI(90).jpg,2
C:\Users\Kiran\OneDrive\Desktop\project\datasets\hmi\PMI(91).jpg,2
C:\Users\Kiran\OneDrive\Desktop\project\datasets\hmi\PMI(92).jpg,2
C:\Users\Kiran\OneDrive\Desktop\project\datasets\hmi\PMI(93).jpg,2
C:\Users\Kiran\OneDrive\Desktop\project\datasets\hmi\PMI(94).jpg,2
C:\Users\Kiran\OneDrive\Desktop\project\datasets\hmi\PMI(95).jpg,2
C:\Users\Kiran\OneDrive\Desktop\project\datasets\hmi\PMI(96).jpg,2
C:\Users\Kiran\OneDrive\Desktop\project\datasets\hmi\PMI(97).jpg,2
C:\Users\Kiran\OneDrive\Desktop\project\datasets\hmi\PMI(98).jpg,2
C:\Users\Kiran\OneDrive\Desktop\project\datasets\hmi\PMI(99).jpg,2
C:\Users\Kiran\OneDrive\Desktop\project\datasets\haveingabnormalheartbeat\HB(1).jpg,3
C:\Users\Kiran\OneDrive\Desktop\project\datasets\haveingabnormalheartbeat\HB(10).jpg,3
C:\Users\Kiran\OneDrive\Desktop\project\datasets\haveingabnormalheartbeat\HB(100).jpg,3
C:\Users\Kiran\OneDrive\Desktop\project\datasets\haveingabnormalheartbeat\HB(101).jpg,3
C:\Users\Kiran\OneDrive\Desktop\project\datasets\haveingabnormalheartbeat\HB(102).jpg,3
C:\Users\Kiran\OneDrive\Desktop\project\datasets\haveingabnormalheartbeat\HB(103).jpg,3
C:\Users\Kiran\OneDrive\Desktop\project\datasets\haveingabnormalheartbeat\HB(104).jpg,3
C:\Users\Kiran\OneDrive\Desktop\project\datasets\haveingabnormalheartbeat\HB(105).jpg,3
C:\Users\Kiran\OneDrive\Desktop\project\datasets\haveingabnormalheartbeat\HB(106).jpg,3
C:\Users\Kiran\OneDrive\Desktop\project\datasets\haveingabnormalheartbeat\HB(107).jpg,3
C:\Users\Kiran\OneDrive\Desktop\project\datasets\haveingabnormalheartbeat\HB(108).jpg,3
C:\Users\Kiran\OneDrive\Desktop\project\datasets\haveingabnormalheartbeat\HB(109).jpg,3
C:\Users\Kiran\OneDrive\Desktop\project\datasets\haveingabnormalheartbeat\HB(11).jpg,3
C:\Users\Kiran\OneDrive\Desktop\project\datasets\haveingabnormalheartbeat\HB(110).jpg,3
C:\Users\Kiran\OneDrive\Desktop\project\datasets\haveingabnormalheartbeat\HB(111).jpg,3
C:\Users\Kiran\OneDrive\Desktop\project\datasets\haveingabnormalheartbeat\HB(112).jpg,3
C:\Users\Kiran\OneDrive\Desktop\project\datasets\haveingabnormalheartbeat\HB(113).jpg,3
C:\Users\Kiran\OneDrive\Desktop\project\datasets\haveingabnormalheartbeat\HB(114).jpg,3
C:\Users\Kiran\OneDrive\Desktop\project\datasets\haveingabnormalheartbeat\HB(115).jpg,3
C:\Users\Kiran\OneDrive\Desktop\project\datasets\haveingabnormalheartbeat\HB(116).jpg,3
C:\Users\Kiran\OneDrive\Desktop\project\datasets\haveingabnormalheartbeat\HB(117).jpg,3
C:\Users\Kiran\OneDrive\Desktop\project\datasets\haveingabnormalheartbeat\HB(118).jpg,3
C:\Users\Kiran\OneDrive\Desktop\project\datasets\haveingabnormalheartbeat\HB(119).jpg,3
C:\Users\Kiran\OneDrive\Desktop\project\datasets\haveingabnormalheartbeat\HB(12).jpg,3
C:\Users\Kiran\OneDrive\Desktop\project\datasets\haveingabnormalheartbeat\HB(120).jpg,3
C:\Users\Kiran\OneDrive\Desktop\project\datasets\haveingabnormalheartbeat\HB(121).jpg,3
C:\Users\Kiran\OneDrive\Desktop\project\datasets\haveingabnormalheartbeat\HB(122).jpg,3
C:\Users\Kiran\OneDrive\Desktop\project\datasets\haveingabnormalheartbeat\HB(123).jpg,3
C:\Users\Kiran\OneDrive\Desktop\project\datasets\haveingabnormalheartbeat\HB(124).jpg,3
C:\Users\Kiran\OneDrive\Desktop\project\datasets\haveingabnormalheartbeat\HB(125).jpg,3
C:\Users\Kiran\OneDrive\Desktop\project\datasets\haveingabnormalheartbeat\HB(126).jpg,3
C:\Users\Kiran\OneDrive\Desktop\project\datasets\haveingabnormalheartbeat\HB(127).jpg,3
C:\Users\Kiran\OneDrive\Desktop\project\datasets\haveingabnormalheartbeat\HB(128).jpg,3
C:\Users\Kiran\OneDrive\Desktop\project\datasets\haveingabnormalheartbeat\HB(129).jpg,3
C:\Users\Kiran\OneDrive\Desktop\project\datasets\haveingabnormalheartbeat\HB(13).jpg,3
C:\Users\Kiran\OneDrive\Desktop\project\datasets\haveingabnormalheartbeat\HB(130).jpg,3
C:\Users\Kiran\OneDrive\Desktop\project\datasets\haveingabnormalheartbeat\HB(131).jpg,3
C:\Users\Kiran\OneDrive\Desktop\project\datasets\haveingabnormalheartbeat\HB(132).jpg,3
C:\Users\Kiran\OneDrive\Desktop\project\datasets\haveingabnormalheartbeat\HB(133).jpg,3
C:\Users\Kiran\OneDrive\Desktop\project\datasets\haveingabnormalheartbeat\HB(134).jpg,3
C:\Users\Kiran\OneDrive\Desktop\project\datasets\haveingabnormalheartbeat\HB(135).jpg,3
C:\Users\Kiran\OneDrive\Desktop\project\datasets\haveingabnormalheartbeat\HB(136).jpg,3
C:\Users\Kiran\OneDrive\Desktop\project\datasets\haveingabnormalheartbeat\HB(137).jpg,3
C:\Users\Kiran\OneDrive\Desktop\project\datasets\haveingabnormalheartbeat\HB(138).jpg,3
C:\Users\Kiran\OneDrive\Desktop\project\datasets\haveingabnormalheartbeat\HB(139).jpg,3
C:\Users\Kiran\OneDrive\Desktop\project\datasets\haveingabnormalheartbeat\HB(14).jpg,3
C:\Users\Kiran\OneDrive\Desktop\project\datasets\haveingabnormalheartbeat\HB(140).jpg,3
C:\Users\Kiran\OneDrive\Desktop\project\datasets\haveingabnormalheartbeat\HB(141).jpg,3
C:\Users\Kiran\OneDrive\Desktop\project\datasets\haveingabnormalheartbeat\HB(142).jpg,3
C:\Users\Kiran\OneDrive\Desktop\project\datasets\haveingabnormalheartbeat\HB(143).jpg,3
C:\Users\Kiran\OneDrive\Desktop\project\datasets\haveingabnormalheartbeat\HB(144).jpg,3
C:\Users\Kiran\OneDrive\Desktop\project\datasets\haveingabnormalheartbeat\HB(145).jpg,3
C:\Users\Kiran\OneDrive\Desktop\project\datasets\haveingabnormalheartbeat\HB(146).jpg,3
C:\Users\Kiran\OneDrive\Desktop\project\datasets\haveingabnormalheartbeat\HB(147).jpg,3
C:\Users\Kiran\OneDrive\Desktop\project\datasets\haveingabnormalheartbeat\HB(148).jpg,3
C:\Users\Kiran\OneDrive\Desktop\project\datasets\haveingabnormalheartbeat\HB(149).jpg,3
C:\Users\Kiran\OneDrive\Desktop\project\datasets\haveingabnormalheartbeat\HB(15).jpg,3
C:\Users\Kiran\OneDrive\Desktop\project\datasets\haveingabnormalheartbeat\HB(150).jpg,3
C:\Users\Kiran\OneDrive\Desktop\project\datasets\haveingabnormalheartbeat\HB(151).jpg,3
C:\Users\Kiran\OneDrive\Desktop\project\datasets\haveingabnormalheartbeat\HB(152).jpg,3
C:\Users\Kiran\OneDrive\Desktop\project\datasets\haveingabnormalheartbeat\HB(153).jpg,3
C:\Users\Kiran\OneDrive\Desktop\project\datasets\haveingabnormalheartbeat\HB(154).jpg,3
C:\Users\Kiran\OneDrive\Desktop\project\datasets\haveingabnormalheartbeat\HB(155).jpg,3
C:\Users\Kiran\OneDrive\Desktop\project\datasets\haveingabnormalheartbeat\HB(156).jpg,3
C:\Users\Kiran\OneDrive\Desktop\project\datasets\haveingabnormalheartbeat\HB(157).jpg,3
C:\Users\Kiran\OneDrive\Desktop\project\datasets\haveingabnormalheartbeat\HB(158).jpg,3
C:\Users\Kiran\OneDrive\Desktop\project\datasets\haveingabnormalheartbeat\HB(159).jpg,3
C:\Users\Kiran\OneDrive\Desktop\project\datasets\haveingabnormalheartbeat\HB(16).jpg,3
C:\Users\Kiran\OneDrive\Desktop\project\datasets\haveingabnormalheartbeat\HB(160).jpg,3
C:\Users\Kiran\OneDrive\Desktop\project\datasets\haveingabnormalheartbeat\HB(161).jpg,3
C:\Users\Kiran\OneDrive\Desktop\project\datasets\haveingabnormalheartbeat\HB(162).jpg,3
C:\Users\Kiran\OneDrive\Desktop\project\datasets\haveingabnormalheartbeat\HB(163).jpg,3
C:\Users\Kiran\OneDrive\Desktop\project\datasets\haveingabnormalheartbeat\HB(164).jpg,3
C:\Users\Kiran\OneDrive\Desktop\project\datasets\haveingabnormalheartbeat\HB(165).jpg,3
C:\Users\Kiran\OneDrive\Desktop\project\datasets\haveingabnormalheartbeat\HB(166).jpg,3
C:\Users\Kiran\OneDrive\Desktop\project\datasets\haveingabnormalheartbeat\HB(167).jpg,3
C:\Users\Kiran\OneDrive\Desktop\project\datasets\haveingabnormalheartbeat\HB(168).jpg,3
C:\Users\Kiran\OneDrive\Desktop\project\datasets\haveingabnormalheartbeat\HB(169).jpg,3
C:\Users\Kiran\OneDrive\Desktop\project\datasets\haveingabnormalheartbeat\HB(17).jpg,3
C:\Users\Kiran\OneDrive\Desktop\project\datasets\haveingabnormalheartbeat\HB(170).jpg,3
C:\Users\Kiran\OneDrive\Desktop\project\datasets\haveingabnormalheartbeat\HB(171).jpg,3
C:\Users\Kiran\OneDrive\Desktop\project\datasets\haveingabnormalheartbeat\HB(172).jpg,3
C:\Users\Kiran\OneDrive\Desktop\project\datasets\haveingabnormalheartbeat\HB(173).jpg,3
C:\Users\Kiran\OneDrive\Desktop\project\datasets\haveingabnormalheartbeat\HB(174).jpg,3
C:\Users\Kiran\OneDrive\Desktop\project\datasets\haveingabnormalheartbeat\HB(175).jpg,3
C:\Users\Kiran\OneDrive\Desktop\project\datasets\haveingabnormalheartbeat\HB(176).jpg,3
C:\Users\Kiran\OneDrive\Desktop\project\datasets\haveingabnormalheartbeat\HB(177).jpg,3
C:\Users\Kiran\OneDrive\Desktop\project\datasets\haveingabnormalheartbeat\HB(178).jpg,3
C:\Users\Kiran\OneDrive\Desktop\project\datasets\haveingabnormalheartbeat\HB(179).jpg,3
C:\Users\Kiran\OneDrive\Desktop\project\datasets\haveingabnormalheartbeat\HB(18).jpg,3
C:\Users\Kiran\OneDrive\Desktop\project\datasets\haveingabnormalheartbeat\HB(180).jpg,3
C:\Users\Kiran\OneDrive\Desktop\project\datasets\haveingabnormalheartbeat\HB(181).jpg,3
C:\Users\Kiran\OneDrive\Desktop\project\datasets\haveingabnormalheartbeat\HB(182).jpg,3
C:\Users\Kiran\OneDrive\Desktop\project\datasets\haveingabnormalheartbeat\HB(183).jpg,3
C:\Users\Kiran\OneDrive\Desktop\project\datasets\haveingabnormalheartbeat\HB(184).jpg,3
C:\Users\Kiran\OneDrive\Desktop\project\datasets\haveingabnormalheartbeat\HB(185).jpg,3
C:\Users\Kiran\OneDrive\Desktop\project\datasets\haveingabnormalheartbeat\HB(186).jpg,3
C:\Users\Kiran\OneDrive\Desktop\project\datasets\haveingabnormalheartbeat\HB(187).jpg,3
C:\Users\Kiran\OneDrive\Desktop\project\datasets\haveingabnormalheartbeat\HB(188).jpg,3
C:\Users\Kiran\OneDrive\Desktop\project\datasets\haveingabnormalheartbeat\HB(189).jpg,3
C:\Users\Kiran\OneDrive\Desktop\project\datasets\haveingabnormalheartbeat\HB(19).jpg,3
C:\Users\Kiran\OneDrive\Desktop\project\datasets\haveingabnormalheartbeat\HB(190).jpg,3
C:\Users\Kiran\OneDrive\Desktop\project\datasets\haveingabnormalheartbeat\HB(191).jpg,3
C:\Users\Kiran\OneDrive\Desktop\project\datasets\haveingabnormalheartbeat\HB(192).jpg,3
C:\Users\Kiran\OneDrive\Desktop\project\datasets\haveingabnormalheartbeat\HB(193).jpg,3
C:\Users\Kiran\OneDrive\Desktop\project\datasets\haveingabnormalheartbeat\HB(194).jpg,3
C:\Users\Kiran\OneDrive\Desktop\project\datasets\haveingabnormalheartbeat\HB(195).jpg,3
C:\Users\Kiran\OneDrive\Desktop\project\datasets\haveingabnormalheartbeat\HB(196).jpg,3
C:\Users\Kiran\OneDrive\Desktop\project\datasets\haveingabnormalheartbeat\HB(197).jpg,3
C:\Users\Kiran\OneDrive\Desktop\project\datasets\haveingabnormalheartbeat\HB(198).jpg,3
C:\Users\Kiran\OneDrive\Desktop\project\datasets\haveingabnormalheartbeat\HB(199).jpg,3
C:\Users\Kiran\OneDrive\Desktop\project\datasets\haveingabnormalheartbeat\HB(2).jpg,3
C:\Users\Kiran\OneDrive\Desktop\project\datasets\haveingabnormalheartbeat\HB(20).jpg,3
C:\Users\Kiran\OneDrive\Desktop\project\datasets\haveingabnormalheartbeat\HB(200).jpg,3
C:\Users\Kiran\OneDrive\Desktop\project\datasets\haveingabnormalheartbeat\HB(201).jpg,3
C:\Users\Kiran\OneDrive\Desktop\project\datasets\haveingabnormalheartbeat\HB(202).jpg,3
C:\Users\Kiran\OneDrive\Desktop\project\datasets\haveingabnormalheartbeat\HB(203).jpg,3
C:\Users\Kiran\OneDrive\Desktop\project\datasets\haveingabnormalheartbeat\HB(204).jpg,3
C:\Users\Kiran\OneDrive\Desktop\project\datasets\haveingabnormalheartbeat\HB(205).jpg,3
C:\Users\Kiran\OneDrive\Desktop\project\datasets\haveingabnormalheartbeat\HB(206).jpg,3
C:\Users\Kiran\OneDrive\Desktop\project\datasets\haveingabnormalheartbeat\HB(207).jpg,3
C:\Users\Kiran\OneDrive\Desktop\project\datasets\haveingabnormalheartbeat\HB(208).jpg,3
C:\Users\Kiran\OneDrive\Desktop\project\datasets\haveingabnormalheartbeat\HB(209).jpg,3
C:\Users\Kiran\OneDrive\Desktop\project\datasets\haveingabnormalheartbeat\HB(21).jpg,3
C:\Users\Kiran\OneDrive\Desktop\project\datasets\haveingabnormalheartbeat\HB(210).jpg,3
C:\Users\Kiran\OneDrive\Desktop\project\datasets\haveingabnormalheartbeat\HB(211).jpg,3
C:\Users\Kiran\OneDrive\Desktop\project\datasets\haveingabnormalheartbeat\HB(212).jpg,3
C:\Users\Kiran\OneDrive\Desktop\project\datasets\haveingabnormalheartbeat\HB(213).jpg,3
C:\Users\Kiran\OneDrive\Desktop\project\datasets\haveingabnormalheartbeat\HB(214).jpg,3
C:\Users\Kiran\OneDrive\Desktop\project\datasets\haveingabnormalheartbeat\HB(215).jpg,3
C:\Users\Kiran\OneDrive\Desktop\project\datasets\haveingabnormalheartbeat\HB(216).jpg,3
C:\Users\Kiran\OneDrive\Desktop\project\datasets\haveingabnormalheartbeat\HB(217).jpg,3
C:\Users\Kiran\OneDrive\Desktop\project\datasets\haveingabnormalheartbeat\HB(218).jpg,3
C:\Users\Kiran\OneDrive\Desktop\project\datasets\haveingabnormalheartbeat\HB(219).jpg,3
C:\Users\Kiran\OneDrive\Desktop\project\datasets\haveingabnormalheartbeat\HB(22).jpg,3
C:\Users\Kiran\OneDrive\Desktop\project\datasets\haveingabnormalheartbeat\HB(220).jpg,3
C:\Users\Kiran\OneDrive\Desktop\project\datasets\haveingabnormalheartbeat\HB(221).jpg,3
C:\Users\Kiran\OneDrive\Desktop\project\datasets\haveingabnormalheartbeat\HB(222).jpg,3
C:\Users\Kiran\OneDrive\Desktop\project\datasets\haveingabnormalheartbeat\HB(223).jpg,3
C:\Users\Kiran\OneDrive\Desktop\project\datasets\haveingabnormalheartbeat\HB(224).jpg,3
C:\Users\Kiran\OneDrive\Desktop\project\datasets\haveingabnormalheartbeat\HB(225).jpg,3
C:\Users\Kiran\OneDrive\Desktop\project\datasets\haveingabnormalheartbeat\HB(226).jpg,3
C:\Users\Kiran\OneDrive\Desktop\project\datasets\haveingabnormalheartbeat\HB(227).jpg,3
C:\Users\Kiran\OneDrive\Desktop\project\datasets\haveingabnormalheartbeat\HB(228).jpg,3
C:\Users\Kiran\OneDrive\Desktop\project\datasets\haveingabnormalheartbeat\HB(229).jpg,3
C:\Users\Kiran\OneDrive\Desktop\project\datasets\haveingabnormalheartbeat\HB(23).jpg,3
C:\Users\Kiran\OneDrive\Desktop\project\datasets\haveingabnormalheartbeat\HB(230).jpg,3
C:\Users\Kiran\OneDrive\Desktop\project\datasets\haveingabnormalheartbeat\HB(231).jpg,3
C:\Users\Kiran\OneDrive\Desktop\project\datasets\haveingabnormalheartbeat\HB(232).jpg,3
C:\Users\Kiran\OneDrive\Desktop\project\datasets\haveingabnormalheartbeat\HB(233).jpg,3
C:\Users\Kiran\OneDrive\Desktop\project\datasets\haveingabnormalheartbeat\HB(24).jpg,3
C:\Users\Kiran\OneDrive\Desktop\project\datasets\haveingabnormalheartbeat\HB(25).jpg,3
C:\Users\Kiran\OneDrive\Desktop\project\datasets\haveingabnormalheartbeat\HB(26).jpg,3
C:\Users\Kiran\OneDrive\Desktop\project\datasets\haveingabnormalheartbeat\HB(27).jpg,3
C:\Users\Kiran\OneDrive\Desktop\project\datasets\haveingabnormalheartbeat\HB(28).jpg,3
C:\Users\Kiran\OneDrive\Desktop\project\datasets\haveingabnormalheartbeat\HB(29).jpg,3
C:\Users\Kiran\OneDrive\Desktop\project\datasets\haveingabnormalheartbeat\HB(3).jpg,3
C:\Users\Kiran\OneDrive\Desktop\project\datasets\haveingabnormalheartbeat\HB(30).jpg,3
C:\Users\Kiran\OneDrive\Desktop\project\datasets\haveingabnormalheartbeat\HB(31).jpg,3
C:\Users\Kiran\OneDrive\Desktop\project\datasets\haveingabnormalheartbeat\HB(32).jpg,3
C:\Users\Kiran\OneDrive\Desktop\project\datasets\haveingabnormalheartbeat\HB(33).jpg,3
C:\Users\Kiran\OneDrive\Desktop\project\datasets\haveingabnormalheartbeat\HB(34).jpg,3
C:\Users\Kiran\OneDrive\Desktop\project\datasets\haveingabnormalheartbeat\HB(35).jpg,3
C:\Users\Kiran\OneDrive\Desktop\project\datasets\haveingabnormalheartbeat\HB(36).jpg,3
C:\Users\Kiran\OneDrive\Desktop\project\datasets\haveingabnormalheartbeat\HB(37).jpg,3
C:\Users\Kiran\OneDrive\Desktop\project\datasets\haveingabnormalheartbeat\HB(38).jpg,3
C:\Users\Kiran\OneDrive\Desktop\project\datasets\haveingabnormalheartbeat\HB(39).jpg,3
C:\Users\Kiran\OneDrive\Desktop\project\datasets\haveingabnormalheartbeat\HB(4).jpg,3
C:\Users\Kiran\OneDrive\Desktop\project\datasets\haveingabnormalheartbeat\HB(40).jpg,3
C:\Users\Kiran\OneDrive\Desktop\project\datasets\haveingabnormalheartbeat\HB(41).jpg,3
C:\Users\Kiran\OneDrive\Desktop\project\datasets\haveingabnormalheartbeat\HB(42).jpg,3
C:\Users\Kiran\OneDrive\Desktop\project\datasets\haveingabnormalheartbeat\HB(43).jpg,3
C:\Users\Kiran\OneDrive\Desktop\project\datasets\haveingabnormalheartbeat\HB(44).jpg,3
C:\Users\Kiran\OneDrive\Desktop\project\datasets\haveingabnormalheartbeat\HB(45).jpg,3
C:\Users\Kiran\OneDrive\Desktop\project\datasets\haveingabnormalheartbeat\HB(46).jpg,3
C:\Users\Kiran\OneDrive\Desktop\project\datasets\haveingabnormalheartbeat\HB(47).jpg,3
C:\Users\Kiran\OneDrive\Desktop\project\datasets\haveingabnormalheartbeat\HB(48).jpg,3
C:\Users\Kiran\OneDrive\Desktop\project\datasets\haveingabnormalheartbeat\HB(49).jpg,3
C:\Users\Kiran\OneDrive\Desktop\project\datasets\haveingabnormalheartbeat\HB(5).jpg,3
C:\Users\Kiran\OneDrive\Desktop\project\datasets\haveingabnormalheartbeat\HB(50).jpg,3
C:\Users\Kiran\OneDrive\Desktop\project\datasets\haveingabnormalheartbeat\HB(51).jpg,3
C:\Users\Kiran\OneDrive\Desktop\project\datasets\haveingabnormalheartbeat\HB(52).jpg,3
C:\Users\Kiran\OneDrive\Desktop\project\datasets\haveingabnormalheartbeat\HB(53).jpg,3
C:\Users\Kiran\OneDrive\Desktop\project\datasets\haveingabnormalheartbeat\HB(54).jpg,3
C:\Users\Kiran\OneDrive\Desktop\project\datasets\haveingabnormalheartbeat\HB(55).jpg,3
C:\Users\Kiran\OneDrive\Desktop\project\datasets\haveingabnormalheartbeat\HB(56).jpg,3
C:\Users\Kiran\OneDrive\Desktop\project\datasets\haveingabnormalheartbeat\HB(57).jpg,3
C:\Users\Kiran\OneDrive\Desktop\project\datasets\haveingabnormalheartbeat\HB(58).jpg,3
C:\Users\Kiran\OneDrive\Desktop\project\datasets\haveingabnormalheartbeat\HB(59).jpg,3
C:\Users\Kiran\OneDrive\Desktop\project\datasets\haveingabnormalheartbeat\HB(6).jpg,3
C:\Users\Kiran\OneDrive\Desktop\project\datasets\haveingabnormalheartbeat\HB(60).jpg,3
C:\Users\Kiran\OneDrive\Desktop\project\datasets\haveingabnormalheartbeat\HB(61).jpg,3
C:\Users\Kiran\OneDrive\Desktop\project\datasets\haveingabnormalheartbeat\HB(62).jpg,3
C:\Users\Kiran\OneDrive\Desktop\project\datasets\haveingabnormalheartbeat\HB(63).jpg,3
C:\Users\Kiran\OneDrive\Desktop\project\datasets\haveingabnormalheartbeat\HB(64).jpg,3
C:\Users\Kiran\OneDrive\Desktop\project\datasets\haveingabnormalheartbeat\HB(65).jpg,3
C:\Users\Kiran\OneDrive\Desktop\project\datasets\haveingabnormalheartbeat\HB(66).jpg,3
C:\Users\Kiran\OneDrive\Desktop\project\datasets\haveingabnormalheartbeat\HB(67).jpg,3
C:\Users\Kiran\OneDrive\Desktop\project\datasets\haveingabnormalheartbeat\HB(68).jpg,3
C:\Users\Kiran\OneDrive\Desktop\project\datasets\haveingabnormalheartbeat\HB(69).jpg,3
C:\Users\Kiran\OneDrive\Desktop\project\datasets\haveingabnormalheartbeat\HB(7).jpg,3
C:\Users\Kiran\OneDrive\Desktop\project\datasets\haveingabnormalheartbeat\HB(70).jpg,3
C:\Users\Kiran\OneDrive\Desktop\project\datasets\haveingabnormalheartbeat\HB(71).jpg,3
C:\Users\Kiran\OneDrive\Desktop\project\datasets\haveingabnormalheartbeat\HB(72).jpg,3
C:\Users\Kiran\OneDrive\Desktop\project\datasets\haveingabnormalheartbeat\HB(73).jpg,3
C:\Users\Kiran\OneDrive\Desktop\project\datasets\haveingabnormalheartbeat\HB(74).jpg,3
C:\Users\Kiran\OneDrive\Desktop\project\datasets\haveingabnormalheartbeat\HB(75).jpg,3
C:\Users\Kiran\OneDrive\Desktop\project\datasets\haveingabnormalheartbeat\HB(76).jpg,3
C:\Users\Kiran\OneDrive\Desktop\project\datasets\haveingabnormalheartbeat\HB(77).jpg,3
C:\Users\Kiran\OneDrive\Desktop\project\datasets\haveingabnormalheartbeat\HB(78).jpg,3
C:\Users\Kiran\OneDrive\Desktop\project\datasets\haveingabnormalheartbeat\HB(79).jpg,3
C:\Users\Kiran\OneDrive\Desktop\project\datasets\haveingabnormalheartbeat\HB(8).jpg,3
C:\Users\Kiran\OneDrive\Desktop\project\datasets\haveingabnormalheartbeat\HB(80).jpg,3
C:\Users\Kiran\OneDrive\Desktop\project\datasets\haveingabnormalheartbeat\HB(81).jpg,3
C:\Users\Kiran\OneDrive\Desktop\project\datasets\haveingabnormalheartbeat\HB(82).jpg,3
C:\Users\Kiran\OneDrive\Desktop\project\datasets\haveingabnormalheartbeat\HB(83).jpg,3
C:\Users\Kiran\OneDrive\Desktop\project\datasets\haveingabnormalheartbeat\HB(84).jpg,3
C:\Users\Kiran\OneDrive\Desktop\project\datasets\haveingabnormalheartbeat\HB(85).jpg,3
C:\Users\Kiran\OneDrive\Desktop\project\datasets\haveingabnormalheartbeat\HB(86).jpg,3
C:\Users\Kiran\OneDrive\Desktop\project\datasets\haveingabnormalheartbeat\HB(87).jpg,3
C:\Users\Kiran\OneDrive\Desktop\project\datasets\haveingabnormalheartbeat\HB(88).jpg,3
C:\Users\Kiran\OneDrive\Desktop\project\datasets\haveingabnormalheartbeat\HB(89).jpg,3
C:\Users\Kiran\OneDrive\Desktop\project\datasets\haveingabnormalheartbeat\HB(9).jpg,3
C:\Users\Kiran\OneDrive\Desktop\project\datasets\haveingabnormalheartbeat\HB(90).jpg,3
C:\Users\Kiran\OneDrive\Desktop\project\datasets\haveingabnormalheartbeat\HB(91).jpg,3
C:\Users\Kiran\OneDrive\Desktop\project\datasets\haveingabnormalheartbeat\HB(92).jpg,3
C:\Users\Kiran\OneDrive\Desktop\project\datasets\haveingabnormalheartbeat\HB(93).jpg,3
C:\Users\Kiran\OneDrive\Desktop\project\datasets\haveingabnormalheartbeat\HB(94).jpg,3
C:\Users\Kiran\OneDrive\Desktop\project\datasets\haveingabnormalheartbeat\HB(95).jpg,3
C:\Users\Kiran\OneDrive\Desktop\project\datasets\haveingabnormalheartbeat\HB(96).jpg,3
C:\Users\Kiran\OneDrive\Desktop\project\datasets\haveingabnormalheartbeat\HB(97).jpg,3
C:\Users\Kiran\OneDrive\Desktop\project\datasets\haveingabnormalheartbeat\HB(98).jpg,3
C:\Users\Kiran\OneDrive\Desktop\project\datasets\haveingabnormalheartbeat\HB(99).jpg,3
